USE employee_manager;
SET SQL_SAFE_UPDATES = 0;

-- ============================================================
-- 1. DEPARTMENTS (7 Phòng ban)
-- ============================================================
INSERT INTO departments (department_name, location, manager_id) VALUES
('Human Resources', 'Hà Nội HQ', NULL),
('Finance', 'Hà Nội HQ', NULL),
('IT', 'Hà Nội HQ', NULL),
('Sales', 'Ho Chi Minh City', NULL),
('Research and Development', 'Hà Nội HQ', NULL),
('Marketing', 'Ho Chi Minh City', NULL),
('Legal', 'Hà Nội HQ', NULL);

-- ============================================================
-- 2. EMPLOYEES (161 Nhân viên)
-- ============================================================
INSERT INTO employees 
(full_name, gender, date_of_birth, phone_number, email, address, hire_date, department_id, position, base_salary) 
VALUES
('Nguyễn Ngân An', 'F', '1975-01-15', '0901998671', 'nguyennganan@161Corp.com', 'Hà Nội', '2023-01-10', 1, 'HR Manager', 2500.00),
('Dương Đình Anh', 'M', '1981-02-20', '0821724893', 'duongdinhanh@161Corp.com', 'Hà Nội', '2023-02-15', 1, 'Recruiter', 1200.00),
('Nguyễn Tuấn Anh', 'M', '1970-03-25', '0898024521', 'nguyentuananh@161Corp.com', 'Hà Nội', '2023-03-01', 1, 'HR Specialist', 1300.00),
('Trần Tuấn Anh', 'M', '2003-04-30', '0988247994', 'trantuananh@161Corp.com', 'Hà Nội', '2023-03-15', 1, 'Intern', 500.00),
('Phạm Hữu Gia Ân', 'M', '1996-05-05', '0962789136', 'phamhuugiaan@161Corp.com', 'Hà Nội', '2023-04-01', 1, 'C&B Specialist', 1400.00),
('Bùi Đăng Dương', 'M', '1975-06-10', '0914354784', 'buidangduong@161Corp.com', 'Hà Nội', '2023-05-10', 2, 'Finance Manager', 2600.00),
('Nguyễn Trọng Đại', 'M', '1998-07-15', '0908768437', 'nguyentrongdai@161Corp.com', 'Hà Nội', '2023-06-01', 2, 'Accountant', 1500.00),
('Mai Huy Đăng', 'M', '2002-08-20', '0876099437', 'maihuydang@161Corp.com', 'Hà Nội', '2023-06-15', 2, 'Auditor', 1600.00),
('Tô Hiến Hải Đăng', 'M', '1988-09-25', '0823453750', 'tohienhaidang@161Corp.com', 'Hà Nội', '2023-07-01', 2, 'Financial Analyst', 1700.00),
('Vũ Ngọc Hải', 'M', '2003-10-30', '0987954102', 'vungochai@161Corp.com', 'Hà Nội', '2023-07-15', 2, 'Accountant', 1400.00),
('Hoàng Thị Ngọc Hân', 'F', '1991-11-05', '0975858566', 'hoangthingochan@161Corp.com', 'Hà Nội', '2023-08-01', 3, 'IT Manager', 3000.00),
('Đào Ngọc Hiền', 'F', '1986-12-10', '0987965676', 'daongochien@161Corp.com', 'Hà Nội', '2023-08-15', 3, 'Backend Developer', 2000.00),
('Trần Minh Hoàng', 'M', '1992-01-12', '0999878612', 'tranminhhoang@161Corp.com', 'Hà Nội', '2023-09-01', 3, 'Frontend Developer', 1800.00),
('Nguyễn Phùng Hóa', 'M', '1997-02-18', '0888998154', 'nguyenphunghoa@161Corp.com', 'Hà Nội', '2023-09-15', 3, 'DevOps Engineer', 2200.00),
('Nguyễn Đức Huy', 'M', '1970-03-22', '0987945172', 'nguyenduchuy@161Corp.com', 'Hà Nội', '2023-10-01', 3, 'System Admin', 1900.00),
('Nguyễn Quang Huy', 'M', '1999-04-28', '0813427694', 'nguyenquanghuy@161Corp.com', 'Hà Nội', '2023-10-15', 3, 'Mobile Developer', 1800.00),
('Vũ Quốc Huy', 'M', '1974-05-14', '0907657911', 'vuquochuy@161Corp.com', 'Hà Nội', '2023-11-01', 3, 'Data Engineer', 2100.00),
('Trần Tuệ Khang', 'M', '1995-06-19', '0870013522', 'trantuekhang@161Corp.com', 'Hà Nội', '2023-11-15', 3, 'QA Engineer', 1600.00),
('Nguyễn Xuân Kiệt', 'M', '1971-07-24', '0876777034', 'nguyenxuankiet@161Corp.com', 'Hà Nội', '2023-12-01', 3, 'Fullstack Developer', 2300.00),
('Nguyễn Thành Lân', 'M', '1990-08-29', '0342789561', 'nguyenthanhlan@161Corp.com', 'Hà Nội', '2023-12-15', 3, 'Data Engineer', 2800.00),
('Mai Tuấn Mạnh', 'M', '1987-09-05', '0909735642', 'maituanmanh@161Corp.com', 'HCM', '2024-01-01', 4, 'Sales Manager', 2400.00),
('Lê Đức Minh', 'M', '1975-10-10', '0980904675', 'leducminh@161Corp.com', 'HCM', '2024-01-10', 4, 'Sales Executive', 1200.00),
('Nguyễn Hồ Nhật Minh', 'F', '1976-11-15', '0386909707', 'nguyenhonhatminh@161Corp.com', 'HCM', '2024-01-15', 4, 'Sales Executive', 1200.00),
('Nguyễn Huy Minh', 'M', '1983-12-20', '0976668444', 'nguyenhuyminh@161Corp.com', 'HCM', '2024-01-20', 4, 'Sales Executive', 1300.00),
('Nguyễn Quang Minh', 'M', '1980-01-25', '0998904536', 'nguyenquangminh@161Corp.com', 'HCM', '2024-02-01', 4, 'Account Manager', 1600.00),
('Nguyễn Khôi Nguyên', 'M', '1977-02-28', '0322689406', 'nguyenkhoinguyen@161Corp.com', 'HCM', '2024-02-10', 4, 'Sales Representative', 1100.00),
('Nguyễn Thị Nhiên', 'F', '2000-03-05', '0996739577', 'nguyenthinhien@161Corp.com', 'HCM', '2024-02-15', 4, 'Sales Intern', 500.00),
('Lê Bá Phong', 'M', '1991-04-10', '0902155888', 'lebaphong@161Corp.com', 'HCM', '2024-03-01', 4, 'Sales Representative', 1100.00),
('Lê Quang', 'M', '2002-05-15', '0877490333', 'lequang@161Corp.com', 'HCM', '2024-03-15', 4, 'Telesales', 1000.00),
('Nguyễn Thúy Quỳnh', 'F', '1986-06-20', '0998067756', 'nguyenthuyquynh@161Corp.com', 'HCM', '2024-04-01', 4, 'Sales Admin', 1300.00),
('Nguyễn Bảo Tài', 'M', '1977-07-25', '0923767777', 'nguyenbaotai@161Corp.com', 'Hà Nội', '2024-04-10', 5, 'R&D Manager', 2900.00),
('Trịnh Đức Thành', 'M', '1988-08-30', '0913276847', 'trinhducthanh@161Corp.com', 'Hà Nội', '2024-04-15', 5, 'Researcher', 2000.00),
('Nguyễn Khắc Thụ', 'M', '1973-09-01', '0907895453', 'nguyenkhacthu@161Corp.com', 'Hà Nội', '2024-05-01', 5, 'Researcher', 2100.00),
('Lê Ngọc Anh Thư', 'F', '1980-10-05', '0376784090', 'lengocanhthu@161Corp.com', 'Hà Nội', '2024-05-15', 5, 'AI Engineer', 2500.00),
('Đỗ Quang Trung', 'M', '1999-11-10', '0999999999', 'doquangtrung@161Corp.com', 'Hà Nội', '2024-06-01', 5, 'Data Scientist', 2600.00),
('Nguyễn Hoàng Tuấn', 'M', '2002-12-15', '0976894655', 'nguyenhoangtuan@161Corp.com', 'Hà Nội', '2024-06-15', 5, 'Lab Assistant', 1000.00),
('Trần Khải Vân', 'F', '1992-01-20', '087223867', 'trankhaivan@161Corp.com', 'Hà Nội', '2024-07-01', 5, 'Researcher', 1900.00),
('Phan Đăng Vũ', 'M', '1972-02-25', '0933232668', 'phandangvu@161Corp.com', 'Hà Nội', '2024-07-15', 5, 'Robotics Engineer', 2400.00),
('Nguyễn Khánh Vy', 'F', '2001-03-30', '0906866592', 'nguyenkhanhvy@161Corp.com', 'Hà Nội', '2024-08-01', 5, 'Research Intern', 600.00),
('Trần Văn Bình', 'M', '1995-02-10', '0982741932', 'tranvanbinh@161Corp.com', 'Hà Nội', '2024-05-01', 3, 'Backend Developer', 2100.00),
('Lê Thị Thu', 'F', '1998-07-22', '0358192043', 'lethithu@161Corp.com', 'Hà Nội', '2024-05-05', 1, 'HR Specialist', 1400.00),
('Nguyễn Hoàng Nam', 'M', '1990-11-15', '0912837465', 'nguyenhoangnam@161Corp.com', 'Hà Nội', '2024-05-10', 3, 'DevOps Engineer', 2300.00),
('Phạm Minh Tâm', 'M', '2001-03-30', '0865928173', 'phamminhtam@161Corp.com', 'Ho Chi Minh City', '2024-05-15', 4, 'Sales Intern', 600.00),
('Vũ Thị Lan', 'F', '1993-09-12', '0974829102', 'vuthilan@161Corp.com', 'Hà Nội', '2024-06-01', 2, 'Accountant', 1600.00),
('Đặng Quốc Khánh', 'M', '1988-04-25', '0937182934', 'dangquockhanh@161Corp.com', 'Hà Nội', '2024-06-05', 5, 'Senior Researcher', 2400.00),
('Bùi Thị Mai', 'F', '1996-12-08', '0905827361', 'buithimai@161Corp.com', 'Ho Chi Minh City', '2024-06-10', 4, 'Sales Executive', 1300.00),
('Hồ Văn Long', 'M', '1992-08-14', '0384729105', 'hovanlong@161Corp.com', 'Hà Nội', '2024-06-15', 3, 'System Admin', 2000.00),
('Ngô Thị Hằng', 'F', '1999-01-20', '0963827164', 'ngothihang@161Corp.com', 'Hà Nội', '2024-07-01', 1, 'Recruiter', 1250.00),
('Dương Văn Hùng', 'M', '1985-06-30', '0947283910', 'duongvanhung@161Corp.com', 'Hà Nội', '2024-07-05', 5, 'AI Engineer', 2600.00),
('Lý Thị Tuyết', 'F', '2002-10-05', '0836291834', 'lythituyet@161Corp.com', 'Hà Nội', '2024-07-10', 2, 'Finance Intern', 550.00),
('Trương Minh Đức', 'M', '1994-03-18', '0918374629', 'truongminhduc@161Corp.com', 'Hà Nội', '2024-07-15', 3, 'Frontend Developer', 1900.00),
('Đỗ Thị Phượng', 'F', '1991-11-28', '0984726155', 'dothiphuong@161Corp.com', 'Ho Chi Minh City', '2024-08-01', 4, 'Sales Representative', 1200.00),
('Nguyễn Văn Cường', 'M', '1997-05-02', '0348271635', 'nguyenvancuong@161Corp.com', 'Hà Nội', '2024-08-05', 3, 'Mobile Developer', 1850.00),
('Trần Thị Bích', 'F', '1989-09-15', '0903827164', 'tranthibich@161Corp.com', 'Hà Nội', '2024-08-10', 2, 'Senior Auditor', 1800.00),
('Lê Văn Dũng', 'M', '1995-12-22', '0972836154', 'levandung@161Corp.com', 'Hà Nội', '2024-08-15', 5, 'Data Scientist', 2500.00),
('Phạm Thị Ngọc', 'F', '2000-02-14', '0936281745', 'phamthingoc@161Corp.com', 'Hà Nội', '2024-09-01', 1, 'C&B Specialist', 1350.00),
('Vũ Văn Hải', 'M', '1993-07-07', '0917382645', 'vuvanhai@161Corp.com', 'Hà Nội', '2024-09-05', 3, 'Fullstack Developer', 2200.00),
('Nguyễn Thị Hoa', 'F', '1998-04-11', '0864728199', 'nguyenthihoa@161Corp.com', 'Ho Chi Minh City', '2024-09-10', 4, 'Sales Admin', 1100.00),
('Đặng Văn Kiên', 'M', '1990-10-25', '0948273645', 'dangvankien@161Corp.com', 'Hà Nội', '2024-09-15', 3, 'Data Engineer', 2150.00),
('Bùi Thị Lan Anh', 'F', '1996-01-30', '0983726154', 'buithilananh@161Corp.com', 'Hà Nội', '2024-10-01', 5, 'Lab Assistant', 1100.00),
('Hồ Minh Tuấn', 'M', '1987-05-18', '0364827193', 'hominhtuan@161Corp.com', 'Hà Nội', '2024-10-05', 2, 'Financial Analyst', 1750.00),
('Ngô Văn Lợi', 'M', '2003-08-08', '0908372645', 'ngovanloi@161Corp.com', 'Hà Nội', '2024-10-10', 3, 'IT Intern', 600.00),
('Dương Thị Minh', 'F', '1994-11-03', '0975826391', 'duongthiminh@161Corp.com', 'Ho Chi Minh City', '2024-10-15', 4, 'Sales Executive', 1350.00),
('Lý Văn Nghĩa', 'M', '1992-03-22', '0912736482', 'lyvannghia@161Corp.com', 'Hà Nội', '2024-11-01', 5, 'Robotics Engineer', 2350.00),
('Trương Thị Oanh', 'F', '1999-06-14', '0827364519', 'truongthioanh@161Corp.com', 'Hà Nội', '2024-11-05', 1, 'HR Assistant', 1100.00),
('Đỗ Văn Phú', 'M', '1991-09-29', '0938271645', 'dovanphu@161Corp.com', 'Hà Nội', '2024-11-10', 3, 'QA Engineer', 1700.00),
('Nguyễn Thị Quyên', 'F', '1997-12-12', '0962837461', 'nguyenthiquyen@161Corp.com', 'Hà Nội', '2024-11-15', 2, 'Accountant', 1550.00),
('Trần Văn Quân', 'M', '1989-02-20', '0946273819', 'tranvanquan@161Corp.com', 'Hà Nội', '2024-12-01', 3, 'Backend Developer', 2250.00),
('Lê Thị Sương', 'F', '2001-05-25', '0382736451', 'lethisuong@161Corp.com', 'Ho Chi Minh City', '2024-12-05', 4, 'Telesales', 1050.00),
('Phạm Văn Sơn', 'M', '1995-08-05', '0907362814', 'phamvanson@161Corp.com', 'Hà Nội', '2024-12-10', 5, 'Researcher', 2050.00),
('Vũ Thị Thanh', 'F', '1993-10-30', '0981726354', 'vuthithanh@161Corp.com', 'Hà Nội', '2024-12-15', 1, 'Recruitment Lead', 1600.00),
('Nguyễn Văn Thắng', 'M', '1990-01-15', '0919283746', 'nguyenvanthang@161Corp.com', 'Hà Nội', '2025-01-01', 3, 'System Architect', 2800.00),
('Đặng Thị Uyên', 'F', '1998-04-20', '0862738491', 'dangthiuyen@161Corp.com', 'Hà Nội', '2025-01-05', 2, 'Tax Specialist', 1650.00),
('Bùi Văn Vinh', 'M', '1996-07-28', '0973827164', 'buivanvinh@161Corp.com', 'Ho Chi Minh City', '2025-01-10', 4, 'Account Executive', 1400.00),
('Hồ Thị Xuân', 'F', '2002-11-11', '0937281645', 'hothixuan@161Corp.com', 'Hà Nội', '2025-01-15', 5, 'Research Intern', 650.00),
('Ngô Văn Y', 'M', '1994-02-02', '0948372615', 'ngovany@161Corp.com', 'Hà Nội', '2025-02-01', 3, 'Frontend Developer', 1950.00),
('Dương Thị Yến', 'F', '1992-06-18', '0357281934', 'duongthiyen@161Corp.com', 'Hà Nội', '2025-02-05', 1, 'HR Generalist', 1500.00),
('Lý Văn An', 'M', '1988-09-09', '0984736281', 'lyvanan@161Corp.com', 'Hà Nội', '2025-02-10', 3, 'Senior DevOps', 2500.00),
('Trương Thị Bình', 'F', '1999-12-25', '0912837456', 'truongthibinh@161Corp.com', 'Ho Chi Minh City', '2025-02-15', 4, 'Sales Representative', 1250.00),
('Đỗ Văn Cảnh', 'M', '1995-03-12', '0905827163', 'dovancanh@161Corp.com', 'Hà Nội', '2025-03-01', 5, 'Data Analyst', 2100.00),
('Nguyễn Thị Dung', 'F', '1991-08-22', '0974827361', 'nguyenthidung@161Corp.com', 'Hà Nội', '2025-03-05', 2, 'General Accountant', 1700.00),
('Trần Văn Em', 'M', '2000-11-05', '0837281923', 'tranvanem@161Corp.com', 'Hà Nội', '2025-03-10', 3, 'Junior Developer', 1200.00),
('Lê Thị Gấm', 'F', '1993-01-18', '0936271834', 'lethigam@161Corp.com', 'Hà Nội', '2025-03-15', 1, 'Training Specialist', 1450.00),
('Phạm Văn Hậu', 'M', '1997-06-30', '0948271633', 'phamvanhau@161Corp.com', 'Ho Chi Minh City', '2025-04-01', 4, 'Sales Executive', 1300.00),
('Vũ Thị Hường', 'F', '1990-10-10', '0918374625', 'vuthihuong@161Corp.com', 'Hà Nội', '2025-04-05', 3, 'Database Administrator', 2300.00),
('Nguyễn Văn Hưng', 'M', '1986-04-15', '0982736451', 'nguyenvanhung@161Corp.com', 'Hà Nội', '2025-04-10', 5, 'Principal Researcher', 2700.00),
('Đặng Thị Khanh', 'F', '1998-07-28', '0362817459', 'dangthikhanh@161Corp.com', 'Hà Nội', '2025-04-15', 2, 'Junior Auditor', 1400.00),
('Bùi Văn Lâm', 'M', '1994-12-02', '0904827361', 'buivanlam@161Corp.com', 'Hà Nội', '2025-05-01', 3, 'Network Engineer', 2000.00),
('Hồ Thị Mận', 'F', '2002-02-14', '0975827163', 'hothiman@161Corp.com', 'Ho Chi Minh City', '2025-05-05', 4, 'Sales Intern', 600.00),
('Ngô Văn Nam', 'M', '1992-05-25', '0937284615', 'ngovannam@161Corp.com', 'Hà Nội', '2025-05-10', 1, 'C&B Lead', 1700.00),
('Dương Thị Nga', 'F', '1996-09-08', '0912836475', 'duongthinga@161Corp.com', 'Hà Nội', '2025-05-15', 3, 'QA Manual', 1500.00),
('Lý Văn Phát', 'M', '1989-11-20', '0864728391', 'lyvanphat@161Corp.com', 'Hà Nội', '2025-06-01', 5, 'R&D Engineer', 2400.00),
('Trương Thị Quý', 'F', '1995-03-03', '0948273615', 'truongthiquy@161Corp.com', 'Hà Nội', '2025-06-05', 2, 'Finance Executive', 1600.00),
('Đỗ Văn Sang', 'M', '2001-08-15', '0983726455', 'dovansang@161Corp.com', 'Ho Chi Minh City', '2025-06-10', 4, 'Telesales', 1000.00),
('Nguyễn Thị Tâm', 'F', '1997-01-28', '0358271634', 'nguyenthitam@161Corp.com', 'Hà Nội', '2025-06-15', 3, 'Business Analyst', 2100.00),
('Trần Văn Thái', 'M', '1993-04-10', '0902837465', 'tranvanthai@161Corp.com', 'Hà Nội', '2025-07-01', 1, 'HR Executive', 1400.00),
('Lê Thị Thảo', 'F', '1990-09-22', '0976281934', 'lethithao@161Corp.com', 'Hà Nội', '2025-07-05', 5, 'AI Researcher', 2550.00),
('Phạm Văn Tín', 'M', '1988-12-05', '0934827165', 'phamvantin@161Corp.com', 'Hà Nội', '2025-07-10', 3, 'Tech Lead', 2900.00),
('Vũ Thị Trà', 'F', '1999-06-18', '0915827364', 'vuthitra@161Corp.com', 'Hà Nội', '2025-07-15', 2, 'Accountant', 1500.00),
('Nguyễn Văn Tú', 'M', '1994-10-30', '0837284615', 'nguyenvantu@161Corp.com', 'Ho Chi Minh City', '2025-08-01', 4, 'Senior Sales Rep', 1500.00),
('Đặng Thị Vân', 'F', '1996-02-12', '0982736415', 'dangthivan@161Corp.com', 'Hà Nội', '2025-08-05', 3, 'Tester', 1600.00),
('Bùi Văn Vũ', 'M', '1991-05-28', '0947283615', 'buivanvu@161Corp.com', 'Hà Nội', '2025-08-10', 5, 'Robotics Specialist', 2450.00),
('Hồ Thị Yến', 'F', '2003-08-20', '0364827153', 'hothiyen@161Corp.com', 'Hà Nội', '2025-08-15', 1, 'HR Intern', 500.00),
('Ngô Văn Ân', 'M', '1987-11-08', '0903827465', 'ngovanan@161Corp.com', 'Hà Nội', '2025-09-01', 3, 'Solution Architect', 3000.00),
('Dương Thị Bông', 'F', '1995-04-04', '0978273645', 'duongthibong@161Corp.com', 'Hà Nội', '2025-09-05', 2, 'Chief Accountant', 2200.00),
('Lý Văn Chung', 'M', '1998-09-15', '0937284165', 'lyvanchung@161Corp.com', 'Ho Chi Minh City', '2025-09-10', 4, 'Sales Executive', 1250.00),
('Trương Thị Diệp', 'F', '1992-01-25', '0912837466', 'truongthidiep@161Corp.com', 'Hà Nội', '2025-09-15', 3, 'Product Owner', 2600.00),
('Đỗ Văn Giang', 'M', '2000-05-30', '0864728133', 'dovangiang@161Corp.com', 'Hà Nội', '2025-10-01', 5, 'Junior Researcher', 1800.00),
('Nguyễn Thị Hạnh', 'F', '1994-10-12', '0983726411', 'nguyenthihanh@161Corp.com', 'Hà Nội', '2025-10-05', 1, 'C&B Executive', 1550.00),
('Trần Văn Khoa', 'M', '1989-03-22', '0948271655', 'tranvankhoa@161Corp.com', 'Hà Nội', '2025-10-10', 3, 'Security Engineer', 2300.00),
('Lê Thị Liên', 'F', '1997-07-07', '0357283644', 'lethilien@161Corp.com', 'Hà Nội', '2025-10-15', 2, 'Treasury Specialist', 1750.00),
('Phạm Văn Minh', 'M', '1991-11-18', '0905827366', 'phamvanminh@161Corp.com', 'Ho Chi Minh City', '2025-11-01', 4, 'Team Leader', 1800.00),
('Vũ Thị Na', 'F', '2002-04-28', '0974827155', 'vuthina@161Corp.com', 'Hà Nội', '2025-11-05', 3, 'Helpdesk', 1000.00),
('Nguyễn Văn Phong', 'M', '1996-08-08', '0936284711', 'nguyenvanphong@161Corp.com', 'Hà Nội', '2025-11-10', 5, 'Lab Technician', 1200.00),
('Đặng Thị Quỳnh', 'F', '1993-12-20', '0917384622', 'dangthiquynh@161Corp.com', 'Hà Nội', '2025-11-15', 1, 'L&D Specialist', 1600.00),
('Bùi Văn Rồng', 'M', '1988-02-14', '0827364518', 'buivanrong@161Corp.com', 'Hà Nội', '2025-12-01', 3, 'Cloud Engineer', 2400.00),
('Hồ Thị Sen', 'F', '1995-06-25', '0984726153', 'hothisen@161Corp.com', 'Hà Nội', '2025-12-05', 2, 'Financial Controller', 2100.00),
('Ngô Văn Tài', 'M', '1999-10-02', '0946283715', 'ngovantai@161Corp.com', 'Ho Chi Minh City', '2025-12-10', 4, 'Sales Representative', 1200.00),
('Dương Thị Thắm', 'F', '1990-01-30', '0382736154', 'duongthitham@161Corp.com', 'Hà Nội', '2025-12-15', 3, 'Scrum Master', 2200.00),
('Lý Văn Uy', 'M', '1994-05-12', '0908273645', 'lyvanuy@161Corp.com', 'Hà Nội', '2026-01-01', 5, 'Data Engineer', 2150.00),
('Trương Thị Vui', 'F', '2001-09-22', '0975827364', 'truongthivui@161Corp.com', 'Hà Nội', '2026-01-05', 1, 'Admin Assistant', 900.00),
('Đỗ Văn Hoàng', 'M', '1986-12-05', '0934827163', 'dovanhoang@161Corp.com', 'Hà Nội', '2026-01-10', 3, 'Engineering Manager', 2900.00),
('Nguyễn Thị Ý', 'F', '1998-03-15', '0919284736', 'nguyenthiy@161Corp.com', 'Hà Nội', '2026-01-15', 2, 'Accountant', 1600.00),
('Trần Văn Ba', 'M', '1992-07-20', '0862738415', 'tranvanba@161Corp.com', 'Ho Chi Minh City', '2026-02-01', 4, 'Key Account Manager', 2000.00),
('Lê Thị Ca', 'F', '1996-11-30', '0983726459', 'lethica@161Corp.com', 'Hà Nội', '2026-02-05', 3, 'UX Designer', 1800.00),
('Phạm Văn Đa', 'M', '1990-04-18', '0947283645', 'phamvanda@161Corp.com', 'Hà Nội', '2026-02-10', 5, 'R&D Specialist', 2300.00),
('Vũ Thị E', 'F', '2000-08-25', '0362819347', 'vuthie@161Corp.com', 'Hà Nội', '2026-02-15', 1, 'Recruiter', 1300.00),
('Nguyễn Văn Ga', 'M', '1993-12-08', '0904827163', 'nguyenvanga@161Corp.com', 'Hà Nội', '2026-03-01', 3, 'Mobile Developer', 1900.00),
('Đặng Thị Ha', 'F', '1988-02-28', '0978273615', 'dangthiha@161Corp.com', 'Hà Nội', '2026-03-05', 2, 'Finance Manager', 2500.00),
('Bùi Văn Ka', 'M', '1995-06-14', '0937284619', 'buivanka@161Corp.com', 'Ho Chi Minh City', '2026-03-10', 4, 'Sales Supervisor', 1700.00),
('Hồ Thị La', 'F', '1999-10-22', '0912837455', 'hothila@161Corp.com', 'Hà Nội', '2026-03-15', 3, 'QA Automation', 1700.00),
('Ngô Văn Ma', 'M', '1991-01-05', '0864728193', 'ngovanma@161Corp.com', 'Hà Nội', '2026-04-01', 5, 'AI Engineer', 2600.00),
('Dương Thị Na', 'F', '1997-05-15', '0983726451', 'duongthina@161Corp.com', 'Hà Nội', '2026-04-05', 1, 'HR Specialist', 1450.00),
('Lý Văn Pa', 'M', '2002-09-30', '0948271635', 'lyvanpa@161Corp.com', 'Hà Nội', '2026-04-10', 3, 'Support Engineer', 1100.00),
('Trương Thị Qua', 'F', '1994-03-12', '0357283641', 'truongthiqua@161Corp.com', 'Hà Nội', '2026-04-15', 2, 'Accountant', 1650.00),
('Đỗ Văn Ra', 'M', '1989-07-25', '0905827364', 'dovanra@161Corp.com', 'Ho Chi Minh City', '2026-05-01', 4, 'Regional Sales Mgr', 2400.00),
('Nguyễn Thị Sa', 'F', '2001-11-08', '0974827153', 'nguyenthisa@161Corp.com', 'Hà Nội', '2026-05-05', 3, 'Frontend Intern', 700.00),
('Trần Văn Ta', 'M', '1996-04-02', '0936284715', 'tranvanta@161Corp.com', 'Hà Nội', '2026-05-10', 5, 'Data Analyst', 2000.00),
('Lê Thị U', 'F', '1992-08-18', '0917384625', 'lethiu@161Corp.com', 'Hà Nội', '2026-05-15', 1, 'Compensation Analyst', 1800.00),
('Phạm Thị Bưởi', 'F', '1995-02-14', '0912345678', 'phamthibuoi@161Corp.com', 'Ho Chi Minh City', '2025-05-01', 6, 'Marketing Executive', 1400.00),
('Trần Văn Chanh', 'M', '1990-08-20', '0987654321', 'tranvanchanh@161Corp.com', 'Ho Chi Minh City', '2025-05-01', 6, 'Marketing Manager', 2500.00),
('Lê Thị Mít', 'F', '1998-11-11', '0909090909', 'lethimit@161Corp.com', 'Ho Chi Minh City', '2025-05-05', 6, 'Content Creator', 1200.00),
('Nguyễn Văn Ổi', 'M', '1993-03-03', '0911223344', 'nguyenvanoi@161Corp.com', 'Hà Nội', '2025-05-05', 7, 'Legal Counsel', 2200.00),
('Hoàng Thị Na', 'F', '1985-07-22', '0922334455', 'hoangthina@161Corp.com', 'Hà Nội', '2025-05-10', 7, 'Legal Manager', 3000.00),
('Đỗ Văn Xoài', 'M', '1999-09-09', '0933445566', 'dovanxoai@161Corp.com', 'Hà Nội', '2025-05-10', 7, 'Paralegal', 1000.00),
('Vũ Thị Mận', 'F', '2001-12-12', '0944556677', 'vuthiman@161Corp.com', 'Ho Chi Minh City', '2025-05-15', 6, 'Marketing Intern', 500.00),
('Ngô Văn Cóc', 'M', '1996-04-04', '0955667788', 'ngovancoc@161Corp.com', 'Hà Nội', '2025-05-15', 3, 'Backend Developer', 1800.00),
('Dương Thị Me', 'F', '1994-06-06', '0966778899', 'duongthime@161Corp.com', 'Hà Nội', '2025-05-20', 2, 'Accountant', 1500.00),
('Lý Văn Khế', 'M', '1997-01-01', '0977889900', 'lyvankhe@161Corp.com', 'Hà Nội', '2025-05-20', 5, 'Researcher', 2000.00),
('Mai Thị Đào', 'F', '2000-10-10', '0988990011', 'maithidao@161Corp.com', 'Hà Nội', '2025-06-01', 1, 'HR Assistant', 1100.00),
('Phan Văn Lựu', 'M', '1989-05-05', '0999001122', 'phanvanluu@161Corp.com', 'Ho Chi Minh City', '2025-06-01', 4, 'Sales Supervisor', 1900.00),
('Trịnh Thị Lê', 'F', '1992-02-02', '0901122334', 'trinhthile@161Corp.com', 'Hà Nội', '2025-06-05', 3, 'Business Analyst', 2100.00),
('Đinh Văn Táo', 'M', '1995-08-08', '0912233445', 'dinhvantao@161Corp.com', 'Hà Nội', '2025-06-05', 5, 'Data Engineer', 2300.00),
('Lâm Thị Nho', 'F', '1998-12-25', '0923344556', 'lamthinho@161Corp.com', 'Hà Nội', '2025-06-10', 2, 'Finance Exec', 1600.00),
('Hà Văn Dừa', 'M', '1991-07-07', '0934455667', 'havandua@161Corp.com', 'Ho Chi Minh City', '2025-06-10', 6, 'SEO Specialist', 1700.00),
('Cao Thị Dứa', 'F', '2002-09-20', '0945566778', 'caothidua@161Corp.com', 'Hà Nội', '2025-06-15', 7, 'Legal Intern', 600.00),
('Ông Văn Sung', 'M', '1994-11-15', '0956677889', 'ongvansung@161Corp.com', 'Hà Nội', '2025-06-15', 3, 'DevOps', 2400.00),
('Quách Thị Hồng', 'F', '1993-01-30', '0967788990', 'quachthihong@161Corp.com', 'Hà Nội', '2025-07-01', 1, 'C&B Specialist', 1550.00),
('Tiêu Văn Quýt', 'M', '1996-03-20', '0978899001', 'tieuvanquyt@161Corp.com', 'Ho Chi Minh City', '2025-07-01', 4, 'Sales Rep', 1300.00),
('Vi Thị Cam', 'F', '1999-05-25', '0989900112', 'vithicam@161Corp.com', 'Hà Nội', '2025-07-05', 5, 'AI Researcher', 2500.00);

-- Gán manager cho phòng ban
UPDATE departments SET manager_id = 1  WHERE department_name = 'Human Resources';
UPDATE departments SET manager_id = 4  WHERE department_name = 'Finance';
UPDATE departments SET manager_id = 7  WHERE department_name = 'IT';
UPDATE departments SET manager_id = 11 WHERE department_name = 'Sales';
UPDATE departments SET manager_id = 14 WHERE department_name = 'Research and Development';
UPDATE departments SET manager_id = 28 WHERE department_name = 'Marketing';
UPDATE departments SET manager_id = 51 WHERE department_name = 'Legal';


-- ============================================================
-- 3. PROJECTS (10 Dự án)
-- ============================================================
INSERT INTO projects (project_name, start_date, end_date, budget, department_id) VALUES
('HR System Upgrade',           '2024-01-01', '2024-06-30', 50000.00, 1),
('Employee Onboarding Program', '2025-01-01', NULL,         20000.00, 1),
('Year-End Financial Audit',    '2024-12-01', '2025-01-31', 30000.00, 2),
('IT Infrastructure Upgrade',   '2024-05-15', NULL,        100000.00, 3),
('Website Overhaul',            '2025-02-01', NULL,         25000.00, 3),
('Market Expansion Q1',         '2025-01-15', '2025-03-31', 40000.00, 4),
('AI Research Initiative',      '2024-07-01', NULL,         80000.00, 5),
('Product Prototype Development','2025-03-01', NULL,        60000.00, 5),
('Brand Awareness Campaign', '2025-06-01', '2025-12-31', 150000.00, 6),
('GDPR Compliance Audit',    '2025-05-01', '2025-08-30', 45000.00, 7);

-- ============================================================
-- 4. ASSIGNMENTS (~600 bản ghi)
-- ============================================================
INSERT IGNORE INTO assignments (employee_id, project_id, role, assigned_date, hours_worked) VALUES
(1, 1, 'Project Lead', '2024-01-01', 200),
(2, 1, 'Recruiter', '2024-01-01', 180),
(3, 1, 'HR Specialist', '2024-02-01', 160),
(4, 2, 'Coordinator', '2025-01-05', 20),
(5, 2, 'Coordinator', '2025-01-05', 15),
(6, 3, 'Project Lead', '2024-12-01', 50),
(7, 3, 'Accountant', '2024-12-05', 45),
(8, 3, 'Financial Analyst', '2024-12-10', 40),
(11, 4, 'Project Manager', '2024-05-15', 100),
(12, 4, 'Engineer', '2024-05-15', 90),
(13, 4, 'Engineer', '2024-06-01', 80),
(14, 4, 'Developer', '2024-06-01', 75),
(18, 10, 'QA Engineer', '2024-06-15', 60),
(11, 5, 'Project Manager', '2025-02-01', 20),
(19, 5, 'Developer', '2025-02-01', 18),
(15, 5, 'SysAdmin', '2025-02-01', 15),
(16, 5, 'Developer', '2025-02-01', 15),
(18, 5, 'QA Engineer', '2025-02-01', 12),
(21, 6, 'Project Lead', '2025-01-15', 30),
(22, 6, 'Sales Rep', '2025-01-20', 25),
(23, 6, 'Sales Rep', '2025-01-20', 20),
(31, 7, 'Project Lead', '2024-07-01', 150),
(32, 1, 'Researcher', '2024-07-15', 140),
(33, 7, 'Researcher', '2024-08-01', 130),
(34, 7, 'AI Engineer', '2024-09-01', 100),
(35, 7, 'Researcher', '2024-09-15', 90),
(31, 8, 'Project Lead', '2025-03-01', 20),
(36, 8, 'Researcher', '2025-03-01', 18),
(37, 8, 'Researcher', '2025-03-01', 15),
(38, 8, 'Engineer', '2025-03-01', 12),
(39, 8, 'Intern', '2025-03-01', 10),
(40, 3, 'Engineer', '2024-07-16', 171),
(41, 1, 'Developer', '2024-11-23', 43),
(42, 6, 'Tester', '2024-05-09', 148),
(43, 1, 'Support', '2025-02-13', 78),
(44, 5, 'Analyst', '2025-01-08', 128),
(45, 7, 'Intern', '2024-05-13', 164),
(46, 4, 'Designer', '2025-01-14', 131),
(47, 3, 'Tester', '2024-05-05', 36),
(48, 5, 'Analyst', '2024-12-07', 79),
(49, 3, 'Intern', '2024-10-07', 110),
(50, 2, 'Support', '2024-08-30', 34),
(51, 2, 'Consultant', '2025-03-19', 91),
(52, 3, 'Designer', '2024-10-09', 119),
(53, 4, 'Designer', '2025-02-08', 48),
(54, 2, 'Developer', '2024-12-27', 123),
(55, 8, 'Tester', '2024-08-29', 52),
(56, 2, 'Analyst', '2024-06-30', 156),
(57, 2, 'Tester', '2024-05-16', 168),
(58, 7, 'Analyst', '2025-01-07', 53),
(59, 1, 'Analyst', '2024-09-25', 153),
(60, 6, 'Intern', '2024-12-05', 112),
(61, 3, 'Support', '2025-03-07', 73),
(62, 7, 'Designer', '2024-11-07', 50),
(63, 1, 'Engineer', '2024-08-29', 21),
(64, 7, 'Engineer', '2025-01-07', 141),
(65, 4, 'Designer', '2025-01-28', 18),
(66, 5, 'Tester', '2024-07-24', 176),
(67, 5, 'Developer', '2025-02-22', 152),
(68, 7, 'Support', '2024-07-05', 126),
(69, 2, 'Developer', '2025-04-24', 137),
(70, 8, 'Designer', '2025-02-13', 169),
(71, 4, 'Consultant', '2025-01-24', 102),
(72, 1, 'Designer', '2024-09-29', 180),
(73, 1, 'Designer', '2024-11-08', 122),
(74, 7, 'Engineer', '2024-09-29', 171),
(75, 4, 'Designer', '2024-10-20', 196),
(76, 6, 'Analyst', '2024-11-23', 178),
(77, 3, 'Support', '2025-04-04', 77),
(78, 4, 'Intern', '2025-01-20', 193),
(79, 3, 'Intern', '2024-09-01', 115),
(80, 3, 'Engineer', '2024-05-20', 73),
(81, 6, 'Support', '2024-08-27', 80),
(82, 2, 'Engineer', '2024-06-21', 86),
(83, 6, 'Developer', '2024-08-17', 157),
(84, 2, 'Analyst', '2024-08-22', 30),
(85, 7, 'Developer', '2025-01-10', 97),
(86, 4, 'Tester', '2025-03-29', 39),
(87, 2, 'Analyst', '2024-07-14', 200),
(88, 2, 'Designer', '2025-02-16', 148),
(89, 5, 'Consultant', '2025-01-04', 197),
(90, 2, 'Intern', '2024-10-26', 137),
(91, 4, 'Developer', '2024-10-30', 132),
(92, 2, 'Tester', '2024-10-20', 34),
(93, 8, 'Developer', '2025-04-26', 144),
(94, 2, 'Support', '2024-06-23', 152),
(95, 5, 'Support', '2025-04-24', 139),
(96, 7, 'Intern', '2025-03-22', 68),
(97, 6, 'Support', '2024-09-07', 99),
(98, 7, 'Designer', '2025-01-19', 185),
(99, 1, 'Support', '2024-11-13', 127),
(100, 6, 'Developer', '2025-03-03', 56),
(101, 1, 'Developer', '2024-06-12', 70),
(102, 5, 'Analyst', '2025-01-07', 150),
(103, 8, 'Developer', '2025-02-20', 31),
(104, 8, 'Support', '2025-02-03', 140),
(105, 1, 'Support', '2024-06-29', 187),
(106, 7, 'Support', '2024-11-28', 81),
(107, 4, 'Analyst', '2024-08-17', 166),
(108, 3, 'Designer', '2024-07-25', 64),
(109, 7, 'Tester', '2024-05-16', 53),
(110, 2, 'Intern', '2024-11-16', 54),
(111, 2, 'Analyst', '2024-05-23', 181),
(112, 5, 'Analyst', '2024-11-02', 24),
(113, 1, 'Developer', '2024-09-07', 190),
(114, 5, 'Analyst', '2024-11-26', 44),
(115, 2, 'Tester', '2024-09-19', 19),
(116, 1, 'Support', '2024-05-13', 70),
(117, 4, 'Developer', '2024-11-04', 96),
(118, 2, 'Engineer', '2024-08-21', 176),
(119, 7, 'Designer', '2024-05-06', 71),
(120, 6, 'Tester', '2025-02-13', 172),
(121, 5, 'Tester', '2025-02-18', 175),
(122, 1, 'Engineer', '2024-10-20', 21),
(123, 1, 'Support', '2025-03-26', 134),
(124, 2, 'Analyst', '2025-02-23', 144),
(125, 4, 'Developer', '2025-03-24', 75),
(126, 5, 'Consultant', '2024-05-18', 191),
(127, 3, 'Consultant', '2025-02-13', 93),
(128, 2, 'Intern', '2025-02-22', 145),
(129, 4, 'Engineer', '2024-12-21', 158),
(130, 3, 'Analyst', '2024-05-30', 83),
(131, 3, 'Consultant', '2024-08-16', 152),
(132, 8, 'Tester', '2024-07-26', 88),
(133, 4, 'Tester', '2025-03-05', 181),
(134, 3, 'Consultant', '2024-06-03', 163),
(135, 4, 'Analyst', '2024-07-13', 112),
(136, 1, 'Tester', '2024-06-08', 132),
(137, 2, 'Support', '2024-12-24', 190),
(138, 6, 'Analyst', '2024-12-10', 105),
(139, 5, 'Support', '2025-02-08', 11),
(40, 6, 'Designer', '2025-01-16', 172),
(54, 6, 'Intern', '2024-09-19', 43),
(112, 3, 'Engineer', '2024-12-13', 189),
(83, 1, 'Engineer', '2024-12-11', 169),
(109, 5, 'Analyst', '2025-03-07', 84),
(70, 5, 'Designer', '2025-04-16', 147),
(52, 2, 'Consultant', '2024-06-01', 73),
(108, 1, 'Intern', '2024-11-07', 133),
(126, 3, 'Consultant', '2025-01-09', 196),
(119, 4, 'Tester', '2024-07-01', 121),
(60, 5, 'Developer', '2024-07-27', 53),
(136, 3, 'Developer', '2024-12-16', 131),
(113, 8, 'Support', '2024-11-02', 123),
(98, 9, 'Designer', '2025-02-15', 119),
(93, 1, 'Designer', '2024-06-22', 155),
(96, 1, 'Analyst', '2024-05-07', 13),
(118, 4, 'Support', '2024-11-17', 79),
(86, 3, 'Consultant', '2024-06-17', 40),
(45, 1, 'Intern', '2025-03-27', 114),
(71, 6, 'Tester', '2024-12-11', 176),
(120, 7, 'Tester', '2024-07-28', 188),
(99, 4, 'Developer', '2024-08-06', 20),
(60, 4, 'Analyst', '2024-07-11', 155),
(78, 1, 'Developer', '2025-03-10', 88),
(132, 3, 'Intern', '2024-08-13', 91),
(122, 2, 'Developer', '2024-06-06', 30),
(91, 3, 'Engineer', '2024-08-04', 30),
(99, 5, 'Engineer', '2024-05-13', 11),
(111, 3, 'Intern', '2024-06-15', 195),
(75, 8, 'Intern', '2024-06-05', 146),
(125, 8, 'Intern', '2024-11-25', 182),
(56, 6, 'Analyst', '2024-09-30', 27),
(56, 1, 'Designer', '2024-08-13', 30),
(117, 1, 'Intern', '2025-03-28', 79),
(52, 5, 'Engineer', '2024-07-10', 155),
(70, 4, 'Developer', '2025-02-05', 150),
(55, 2, 'Engineer', '2024-05-24', 166),
(80, 5, 'Analyst', '2024-07-22', 44),
(77, 2, 'Intern', '2025-04-19', 84),
(76, 5, 'Support', '2024-09-27', 20),
(93, 2, 'Analyst', '2025-03-06', 121),
(63, 5, 'Designer', '2024-10-25', 42),
(62, 2, 'Tester', '2024-08-24', 61),
(75, 1, 'Tester', '2024-09-24', 82),
(92, 6, 'Tester', '2025-04-19', 68),
(42, 3, 'Support', '2025-02-25', 174),
(140, 9, 'Marketer', '2025-06-02', 120),
(141, 9, 'Project Manager', '2025-06-02', 200),
(142, 9, 'Content Creator', '2025-06-05', 150),
(143, 10, 'Legal Advisor', '2025-05-05', 100),
(144, 10, 'Project Manager', '2025-05-01', 180),
(145, 10, 'Paralegal', '2025-05-10', 160),
(146, 9, 'Intern', '2025-05-20', 80),
(1, 10, 'Consultant', '2025-05-15', 40),
(11, 9, 'Consultant', '2025-06-10', 50),
(100, 1, 'Developer', '2024-03-15', 300),
(55, 4, 'Support', '2024-07-20', 120),
(88, 3, 'Analyst', '2025-02-10', 80),
(120, 5, 'Engineer', '2024-09-05', 250),
(33, 5, 'Designer', '2025-03-12', 140),
(150, 8, 'Architect', '2025-06-01', 100),
(16, 6, 'Developer', '2025-02-18', 210),
(99, 3, 'Tester', '2024-12-25', 90),
(10, 4, 'Analyst', '2024-06-30', 160),
(77, 1, 'Support', '2024-05-05', 110),
(139, 10, 'Engineer', '2025-01-20', 250),
(4, 9, 'Marketer', '2025-06-15', 100),
(155, 10, 'Legal Advisor', '2025-07-01', 120),
(160, 9, 'Content Creator', '2025-07-15', 140),
(5, 10, 'Consultant', '2025-06-01', 60),
(157, 9, 'Engineer', '2025-10-15', 109),
(98, 5, 'Legal Advisor', '2025-06-04', 389),
(87, 7, 'Tester', '2024-05-07', 356),
(68, 6, 'Intern', '2025-11-20', 326),
(31, 2, 'Architect', '2025-12-16', 275),
(22, 7, 'Tester', '2024-07-03', 279),
(115, 3, 'Tester', '2025-04-08', 41),
(63, 9, 'Support', '2024-02-09', 125),
(53, 10, 'Support', '2025-12-14', 63),
(84, 10, 'Engineer', '2024-02-08', 316),
(89, 1, 'Project Manager', '2025-11-26', 128),
(135, 1, 'Designer', '2024-02-01', 125),
(16, 2, 'Project Manager', '2025-01-19', 136),
(24, 3, 'Engineer', '2025-12-20', 225),
(42, 8, 'Analyst', '2025-04-30', 302),
(99, 9, 'Marketer', '2025-01-26', 102),
(22, 1, 'Marketer', '2025-06-15', 267),
(30, 8, 'Consultant', '2024-02-16', 306),
(153, 6, 'Intern', '2024-02-14', 223),
(60, 2, 'Architect', '2025-07-29', 289),
(4, 4, 'Designer', '2024-04-23', 349),
(64, 3, 'Architect', '2024-09-15', 310),
(31, 4, 'Engineer', '2025-10-30', 155),
(64, 1, 'Tester', '2025-10-28', 182),
(142, 3, 'Legal Advisor', '2024-04-17', 29),
(100, 2, 'Support', '2024-10-23', 374),
(88, 1, 'Marketer', '2024-10-19', 343),
(74, 8, 'Project Manager', '2024-11-01', 82),
(16, 4, 'Support', '2025-12-13', 268),
(73, 2, 'Analyst', '2024-10-02', 137),
(143, 8, 'Tester', '2025-05-22', 261),
(43, 10, 'Engineer', '2024-07-13', 44),
(21, 2, 'Developer', '2025-06-21', 396),
(118, 7, 'Intern', '2024-03-25', 113),
(11, 8, 'Tester', '2024-09-17', 147),
(80, 8, 'Tester', '2025-01-27', 378),
(139, 9, 'Designer', '2025-05-06', 168),
(104, 10, 'Engineer', '2025-09-03', 242),
(135, 9, 'Intern', '2024-08-14', 382),
(50, 5, 'Marketer', '2024-04-07', 300),
(130, 9, 'Support', '2024-08-12', 213),
(96, 9, 'Designer', '2024-06-27', 380),
(47, 1, 'Developer', '2025-09-03', 197),
(63, 6, 'Marketer', '2024-02-02', 20),
(110, 10, 'Analyst', '2025-10-07', 233),
(37, 1, 'Tester', '2025-11-23', 69),
(111, 9, 'Developer', '2025-10-13', 230),
(32, 7, 'Support', '2025-02-08', 328),
(77, 4, 'Analyst', '2025-10-07', 122),
(142, 2, 'Marketer', '2025-05-17', 346),
(55, 5, 'Tester', '2025-03-02', 22),
(52, 8, 'Marketer', '2025-07-09', 212),
(139, 7, 'Marketer', '2025-08-18', 46),
(69, 10, 'Engineer', '2024-04-09', 363),
(92, 7, 'Legal Advisor', '2024-01-12', 82),
(149, 10, 'Consultant', '2025-11-02', 345),
(42, 10, 'Developer', '2024-04-30', 58),
(131, 6, 'Marketer', '2024-02-18', 98),
(83, 4, 'Legal Advisor', '2025-01-06', 24),
(9, 2, 'Consultant', '2024-08-02', 271),
(90, 6, 'Consultant', '2025-01-14', 127),
(132, 9, 'Support', '2024-05-13', 335),
(99, 8, 'Intern', '2024-11-04', 211),
(124, 4, 'Architect', '2024-01-11', 247),
(105, 10, 'Architect', '2024-07-19', 201),
(63, 2, 'Engineer', '2024-07-30', 257),
(75, 9, 'Consultant', '2024-10-08', 390),
(61, 9, 'Support', '2025-04-06', 13),
(31, 10, 'Legal Advisor', '2025-07-28', 44),
(50, 3, 'Support', '2024-03-24', 16),
(141, 5, 'Designer', '2025-11-24', 146),
(126, 1, 'Tester', '2024-02-28', 398),
(143, 6, 'Legal Advisor', '2025-04-08', 86),
(14, 3, 'Tester', '2025-01-23', 56),
(55, 9, 'Analyst', '2024-12-03', 388),
(117, 7, 'Designer', '2024-09-28', 308),
(158, 3, 'Designer', '2025-05-04', 70),
(141, 3, 'Project Manager', '2025-04-17', 280),
(62, 4, 'Consultant', '2025-11-22', 92),
(120, 1, 'Support', '2024-12-27', 123),
(151, 7, 'Engineer', '2025-03-01', 382),
(150, 10, 'Architect', '2024-06-28', 281),
(143, 5, 'Engineer', '2024-06-17', 75),
(131, 4, 'Support', '2025-07-26', 361),
(132, 5, 'Legal Advisor', '2024-03-05', 338),
(57, 8, 'Consultant', '2024-07-22', 53),
(14, 10, 'Project Manager', '2024-12-21', 179),
(155, 3, 'Tester', '2024-12-09', 146),
(126, 4, 'Architect', '2024-07-12', 247),
(116, 9, 'Architect', '2024-07-21', 116),
(72, 9, 'Architect', '2025-09-15', 189),
(129, 7, 'Architect', '2024-01-09', 350),
(133, 5, 'Architect', '2024-10-19', 198),
(22, 9, 'Support', '2025-01-19', 327),
(72, 2, 'Engineer', '2025-01-31', 52),
(116, 5, 'Engineer', '2025-12-26', 68),
(102, 1, 'Engineer', '2024-07-18', 119),
(51, 6, 'Developer', '2025-10-26', 115),
(157, 1, 'Project Manager', '2024-04-15', 231),
(123, 2, 'Analyst', '2024-12-10', 309),
(159, 7, 'Legal Advisor', '2025-10-22', 367),
(106, 6, 'Engineer', '2025-05-14', 229),
(66, 9, 'Designer', '2024-12-18', 292),
(112, 9, 'Marketer', '2025-05-12', 31),
(45, 4, 'Architect', '2024-03-30', 381),
(40, 4, 'Designer', '2024-05-07', 262),
(114, 4, 'Intern', '2024-09-21', 306),
(80, 4, 'Support', '2024-04-12', 152),
(72, 8, 'Designer', '2024-04-17', 206),
(26, 5, 'Designer', '2025-11-17', 251),
(54, 1, 'Tester', '2025-08-21', 196),
(86, 1, 'Consultant', '2025-01-08', 273),
(54, 5, 'Engineer', '2025-01-19', 149),
(147, 10, 'Architect', '2025-05-18', 267),
(58, 1, 'Project Manager', '2025-12-08', 150),
(17, 4, 'Developer', '2025-04-18', 197),
(24, 9, 'Support', '2025-12-07', 121),
(82, 1, 'Designer', '2024-03-24', 75),
(2, 4, 'Intern', '2024-12-28', 35),
(58, 8, 'Support', '2024-06-02', 172),
(130, 6, 'Designer', '2024-07-10', 221),
(54, 3, 'Intern', '2024-08-16', 208),
(71, 2, 'Support', '2024-04-13', 173),
(19, 6, 'Developer', '2025-11-27', 341),
(56, 3, 'Consultant', '2024-11-17', 273),
(51, 1, 'Project Manager', '2024-09-27', 133),
(30, 10, 'Developer', '2024-11-29', 359),
(144, 9, 'Designer', '2024-07-08', 232),
(43, 5, 'Support', '2025-08-08', 222),
(32, 2, 'Intern', '2025-01-09', 393),
(94, 9, 'Project Manager', '2025-08-18', 126),
(18, 4, 'Consultant', '2025-08-05', 240),
(148, 2, 'Project Manager', '2024-07-08', 29),
(1, 8, 'Designer', '2024-10-18', 132),
(30, 3, 'Analyst', '2025-08-16', 317),
(130, 5, 'Tester', '2024-04-05', 271),
(47, 8, 'Engineer', '2024-04-01', 352),
(46, 9, 'Designer', '2025-02-02', 310),
(54, 10, 'Project Manager', '2024-11-08', 99),
(8, 8, 'Analyst', '2025-01-27', 129),
(23, 1, 'Tester', '2025-07-10', 63),
(45, 2, 'Support', '2024-09-01', 34),
(156, 8, 'Tester', '2025-02-27', 223),
(20, 6, 'Intern', '2024-04-20', 34),
(64, 9, 'Marketer', '2024-01-25', 272),
(131, 5, 'Legal Advisor', '2024-01-03', 140),
(80, 2, 'Support', '2025-06-27', 194),
(66, 6, 'Consultant', '2025-05-09', 212),
(76, 9, 'Engineer', '2024-06-14', 153),
(8, 7, 'Tester', '2024-04-28', 157),
(62, 5, 'Designer', '2024-07-16', 202),
(111, 10, 'Engineer', '2024-03-10', 35),
(49, 9, 'Developer', '2024-08-16', 39),
(142, 6, 'Analyst', '2024-03-17', 37),
(158, 6, 'Marketer', '2025-11-05', 395),
(95, 6, 'Marketer', '2024-06-07', 261),
(138, 5, 'Project Manager', '2025-07-09', 362),
(47, 6, 'Support', '2025-05-31', 269),
(110, 9, 'Engineer', '2024-06-02', 241),
(122, 4, 'Legal Advisor', '2025-01-13', 285),
(111, 5, 'Tester', '2025-05-18', 370),
(92, 1, 'Engineer', '2024-08-11', 32),
(98, 4, 'Marketer', '2024-04-22', 354),
(113, 7, 'Analyst', '2025-01-27', 276),
(18, 7, 'Intern', '2024-07-19', 318),
(36, 4, 'Consultant', '2025-07-29', 245),
(137, 5, 'Analyst', '2024-03-08', 14),
(160, 10, 'Legal Advisor', '2025-10-05', 98),
(50, 6, 'Intern', '2024-09-23', 268),
(113, 3, 'Project Manager', '2025-03-23', 337),
(65, 8, 'Project Manager', '2025-05-03', 340),
(28, 2, 'Analyst', '2025-11-19', 241),
(3, 2, 'Tester', '2024-07-09', 129),
(61, 2, 'Analyst', '2024-11-22', 248),
(81, 7, 'Tester', '2025-03-22', 35),
(142, 1, 'Analyst', '2024-04-14', 328),
(44, 7, 'Engineer', '2025-12-03', 355),
(65, 3, 'Designer', '2024-06-15', 238),
(94, 5, 'Consultant', '2025-06-09', 17),
(119, 6, 'Marketer', '2025-04-21', 395),
(5, 4, 'Developer', '2024-04-25', 196),
(98, 8, 'Consultant', '2024-03-07', 347),
(62, 9, 'Engineer', '2025-03-06', 391),
(158, 4, 'Legal Advisor', '2024-12-31', 360),
(67, 2, 'Analyst', '2025-10-22', 275),
(16, 9, 'Marketer', '2025-08-20', 278),
(105, 3, 'Legal Advisor', '2025-05-25', 219),
(96, 3, 'Analyst', '2025-11-03', 91),
(161, 7, 'Architect', '2024-01-04', 367),
(136, 6, 'Engineer', '2024-05-29', 56),
(100, 1, 'Intern', '2024-05-06', 241),
(129, 2, 'Marketer', '2024-09-13', 356),
(48, 4, 'Support', '2024-06-13', 37),
(105, 1, 'Designer', '2024-05-21', 104),
(161, 5, 'Tester', '2025-02-01', 52),
(71, 6, 'Engineer', '2025-02-26', 384),
(138, 6, 'Legal Advisor', '2024-02-03', 267),
(149, 8, 'Architect', '2024-07-23', 21),
(34, 9, 'Support', '2024-12-15', 95),
(7, 10, 'Designer', '2025-09-20', 315),
(18, 1, 'Support', '2025-11-03', 377),
(53, 8, 'Tester', '2024-03-12', 119),
(69, 9, 'Architect', '2025-08-21', 80),
(113, 4, 'Engineer', '2024-06-24', 303),
(33, 6, 'Intern', '2025-10-26', 13),
(45, 6, 'Intern', '2025-09-24', 202),
(53, 5, 'Marketer', '2025-08-12', 58),
(24, 5, 'Developer', '2024-11-07', 383),
(121, 8, 'Legal Advisor', '2024-12-23', 263),
(114, 10, 'Intern', '2025-05-29', 112),
(2, 9, 'Intern', '2024-12-10', 240),
(145, 10, 'Architect', '2024-07-10', 316),
(69, 7, 'Designer', '2024-06-10', 11),
(132, 10, 'Legal Advisor', '2025-07-05', 358),
(82, 8, 'Project Manager', '2025-07-11', 66),
(155, 7, 'Intern', '2025-05-01', 180),
(27, 1, 'Legal Advisor', '2024-09-18', 219),
(89, 3, 'Consultant', '2024-04-02', 339),
(68, 10, 'Support', '2025-04-01', 378),
(119, 8, 'Intern', '2024-08-26', 287),
(75, 2, 'Analyst', '2025-10-11', 353),
(64, 10, 'Consultant', '2025-06-16', 205),
(83, 7, 'Architect', '2025-12-17', 107),
(16, 7, 'Analyst', '2025-05-23', 107),
(58, 4, 'Legal Advisor', '2025-09-20', 122),
(104, 4, 'Tester', '2024-12-11', 372),
(65, 7, 'Marketer', '2025-01-09', 111),
(150, 3, 'Legal Advisor', '2024-12-26', 385),
(94, 4, 'Architect', '2025-06-23', 397),
(18, 5, 'Tester', '2024-08-23', 227),
(70, 1, 'Legal Advisor', '2024-08-17', 303),
(23, 8, 'Support', '2025-02-21', 369),
(106, 2, 'Legal Advisor', '2024-05-16', 386),
(63, 7, 'Support', '2025-11-18', 248),
(46, 5, 'Architect', '2024-10-29', 359),
(16, 6, 'Designer', '2024-04-09', 32),
(56, 5, 'Marketer', '2025-03-09', 382),
(90, 5, 'Tester', '2025-09-04', 17),
(133, 1, 'Marketer', '2024-02-26', 98),
(109, 2, 'Analyst', '2025-02-23', 196),
(62, 1, 'Support', '2025-06-16', 207),
(115, 7, 'Intern', '2025-02-13', 125),
(64, 8, 'Marketer', '2024-03-06', 198),
(35, 4, 'Designer', '2025-09-13', 291),
(138, 2, 'Tester', '2025-08-14', 382),
(28, 8, 'Architect', '2024-07-24', 387),
(153, 2, 'Developer', '2025-09-25', 148),
(53, 2, 'Engineer', '2024-03-11', 260),
(108, 3, 'Developer', '2025-02-01', 217),
(30, 6, 'Developer', '2025-06-10', 348),
(147, 3, 'Designer', '2024-07-11', 289),
(79, 6, 'Engineer', '2025-01-20', 142),
(151, 4, 'Developer', '2024-09-04', 226),
(41, 5, 'Tester', '2025-01-04', 297),
(68, 1, 'Intern', '2024-06-18', 147),
(78, 4, 'Marketer', '2024-08-26', 10),
(10, 6, 'Developer', '2025-03-12', 383),
(108, 2, 'Tester', '2024-10-12', 215),
(3, 9, 'Tester', '2025-06-01', 125),
(22, 4, 'Tester', '2024-03-02', 29),
(42, 8, 'Project Manager', '2024-08-26', 122),
(84, 6, 'Support', '2024-06-17', 264),
(3, 6, 'Tester', '2024-12-28', 174),
(48, 5, 'Developer', '2024-11-05', 100),
(19, 3, 'Developer', '2025-02-05', 340),
(120, 4, 'Support', '2025-07-29', 130),
(85, 6, 'Developer', '2025-11-24', 12),
(4, 5, 'Consultant', '2025-09-15', 368),
(115, 6, 'Analyst', '2025-11-09', 181),
(126, 10, 'Consultant', '2025-05-26', 93),
(93, 1, 'Support', '2024-06-09', 311),
(76, 6, 'Consultant', '2024-10-22', 212),
(119, 1, 'Analyst', '2024-02-02', 180);

-- ============================================================
-- 5. ATTENDANCE (Dữ liệu chấm công toàn bộ 160 NV)
-- ============================================================
INSERT INTO attendance (employee_id, work_date, check_in, check_out, status) VALUES
-- Ngày 10/01/2025 (Thứ 6)
(1, '2025-01-10', '08:30:00', '17:30:00', 'Present'),
(2, '2025-01-10', '08:45:00', '17:15:00', 'Present'),
(3, '2025-01-10', '08:40:00', '17:20:00', 'Present'),
(4, '2025-01-10', '08:50:00', '17:30:00', 'Present'),
(5, '2025-01-10', '08:30:00', '17:30:00', 'Present'),
(6, '2025-01-10', '09:00:00', '18:00:00', 'Present'),
(7, '2025-01-10', '08:35:00', '17:30:00', 'Present'),
(8, '2025-01-10', '08:30:00', '17:00:00', 'Present'),
(9, '2025-01-10', '08:45:00', '17:45:00', 'Present'),
(10, '2025-01-10', '08:55:00', '18:00:00', 'Present'),
(11, '2025-01-10', '09:15:00', '18:00:00', 'Present'),
(12, '2025-01-10', '09:00:00', '18:00:00', 'Present'),
(13, '2025-01-10', '09:10:00', '18:10:00', 'Present'),
(14, '2025-01-10', '08:50:00', '17:50:00', 'Present'),
(15, '2025-01-10', '08:30:00', '17:30:00', 'Present'),
(16, '2025-01-10', '08:35:00', '17:35:00', 'Present'),
(17, '2025-01-10', '08:40:00', '17:40:00', 'Present'),
(18, '2025-01-10', '08:45:00', '17:45:00', 'Present'),
(19, '2025-01-10', '08:50:00', '17:50:00', 'Present'),
(20, '2025-01-10', '08:55:00', '17:55:00', 'Present'),
(21, '2025-01-10', NULL, NULL, 'Absent'),
(22, '2025-01-10', '08:30:00', '17:30:00', 'Present'),
(23, '2025-01-10', '08:30:00', '17:30:00', 'Present'),
(24, '2025-01-10', '08:30:00', '17:30:00', 'Present'),
(25, '2025-01-10', '08:30:00', '17:30:00', 'Present'),
(26, '2025-01-10', '08:30:00', '17:30:00', 'Present'),
(27, '2025-01-10', '08:30:00', '17:30:00', 'Present'),
(28, '2025-01-10', '08:30:00', '17:30:00', 'Present'),
(29, '2025-01-10', '08:30:00', '17:30:00', 'Present'),
(30, '2025-01-10', NULL, NULL, 'On Leave'),
(31, '2025-01-10', '08:20:00', '17:00:00', 'Present'),
(32, '2025-01-10', '08:25:00', '17:05:00', 'Present'),
(33, '2025-01-10', '08:30:00', '17:10:00', 'Present'),
(34, '2025-01-10', '08:35:00', '17:15:00', 'Present'),
(35, '2025-01-10', '08:40:00', '17:20:00', 'Present'),
(36, '2025-01-10', '08:45:00', '17:25:00', 'Present'),
(37, '2025-01-10', '08:50:00', '17:30:00', 'Present'),
(38, '2025-01-10', '08:55:00', '17:35:00', 'Present'),
(39, '2025-01-10', '08:30:00', '17:30:00', 'Present'),
(40, '2025-01-10', '08:21:00', '18:30:00', 'Present'),
(41, '2025-01-10', '08:45:00', '18:14:00', 'Present'),
(42, '2025-01-10', '08:45:00', '17:31:00', 'Present'),
(43, '2025-01-10', '09:30:00', '17:16:00', 'Present'),
(44, '2025-01-10', NULL, NULL, 'Absent'),
(45, '2025-01-10', '08:57:00', '17:10:00', 'Present'),
(46, '2025-01-10', '09:29:00', '18:04:00', 'Present'),
(47, '2025-01-10', '08:43:00', '17:27:00', 'Present'),
(48, '2025-01-10', '08:35:00', '18:15:00', 'Present'),
(49, '2025-01-10', '09:30:00', '18:30:00', 'Present'),
(50, '2025-01-10', '08:11:00', '17:38:00', 'Present'),
(51, '2025-01-10', '08:55:00', '18:30:00', 'Present'),
(52, '2025-01-10', '08:52:00', '18:10:00', 'Present'),
(53, '2025-01-10', '09:21:00', '18:30:00', 'Present'),
(54, '2025-01-10', '08:31:00', '17:37:00', 'Present'),
(55, '2025-01-10', '09:26:00', '18:30:00', 'Present'),
(56, '2025-01-10', '08:55:00', '17:35:00', 'Present'),
(57, '2025-01-10', NULL, NULL, 'Absent'),
(58, '2025-01-10', '08:47:00', '18:30:00', 'Present'),
(59, '2025-01-10', '09:10:00', '17:44:00', 'Present'),
(60, '2025-01-10', '08:02:00', '18:30:00', 'Present'),
(61, '2025-01-10', '09:07:00', '18:06:00', 'Present'),
(62, '2025-01-10', '09:30:00', '18:07:00', 'Present'),
(63, '2025-01-10', '08:07:00', '17:49:00', 'Present'),
(64, '2025-01-10', '08:06:00', '17:09:00', 'Present'),
(65, '2025-01-10', '09:30:00', '18:30:00', 'Present'),
(66, '2025-01-10', NULL, NULL, 'Absent'),
(67, '2025-01-10', '08:12:00', '18:30:00', 'Present'),
(68, '2025-01-10', '09:30:00', '18:30:00', 'Present'),
(69, '2025-01-10', '09:30:00', '18:30:00', 'Present'),
(70, '2025-01-10', '09:30:00', '18:30:00', 'Present'),
(71, '2025-01-10', '09:30:00', '18:30:00', 'Present'),
(72, '2025-01-10', '08:09:00', '18:10:00', 'Present'),
(73, '2025-01-10', '09:06:00', '17:43:00', 'Present'),
(74, '2025-01-10', '08:38:00', '17:13:00', 'Present'),
(75, '2025-01-10', '09:12:00', '18:00:00', 'Present'),
(76, '2025-01-10', '08:45:00', '17:45:00', 'Present'),
(77, '2025-01-10', '08:50:00', '17:50:00', 'Present'),
(78, '2025-01-10', '09:00:00', '18:00:00', 'Present'),
(79, '2025-01-10', '08:30:00', '17:30:00', 'Present'),
(80, '2025-01-10', '08:40:00', '17:40:00', 'Present'),
(81, '2025-01-10', '09:15:00', '18:15:00', 'Present'),
(82, '2025-01-10', '08:30:00', '17:30:00', 'Present'),
(83, '2025-01-10', '08:55:00', '17:55:00', 'Present'),
(84, '2025-01-10', '09:05:00', '18:05:00', 'Present'),
(85, '2025-01-10', '08:35:00', '17:35:00', 'Present'),
(86, '2025-01-10', '08:45:00', '17:45:00', 'Present'),
(87, '2025-01-10', '09:00:00', '18:00:00', 'Present'),
(88, '2025-01-10', '08:30:00', '17:30:00', 'Present'),
(89, '2025-01-10', '08:40:00', '17:40:00', 'Present'),
(90, '2025-01-10', '09:10:00', '18:10:00', 'Present'),
(91, '2025-01-10', '08:50:00', '17:50:00', 'Present'),
(92, '2025-01-10', '08:30:00', '17:30:00', 'Present'),
(93, '2025-01-10', '08:55:00', '17:55:00', 'Present'),
(94, '2025-01-10', '09:00:00', '18:00:00', 'Present'),
(95, '2025-01-10', '08:35:00', '17:35:00', 'Present'),
(96, '2025-01-10', '08:45:00', '17:45:00', 'Present'),
(97, '2025-01-10', '09:05:00', '18:05:00', 'Present'),
(98, '2025-01-10', '08:30:00', '17:30:00', 'Present'),
(99, '2025-01-10', '08:40:00', '17:40:00', 'Present'),
(100, '2025-01-10', '09:10:00', '18:10:00', 'Present'),
(101, '2025-01-10', '08:50:00', '17:50:00', 'Present'),
(102, '2025-01-10', '08:30:00', '17:30:00', 'Present'),
(103, '2025-01-10', '08:55:00', '17:55:00', 'Present'),
(104, '2025-01-10', '09:00:00', '18:00:00', 'Present'),
(105, '2025-01-10', '08:35:00', '17:35:00', 'Present'),
(106, '2025-01-10', '08:45:00', '17:45:00', 'Present'),
(107, '2025-01-10', '09:05:00', '18:05:00', 'Present'),
(108, '2025-01-10', '08:30:00', '17:30:00', 'Present'),
(109, '2025-01-10', '08:40:00', '17:40:00', 'Present'),
(110, '2025-01-10', '09:10:00', '18:10:00', 'Present'),
(111, '2025-01-10', '08:50:00', '17:50:00', 'Present'),
(112, '2025-01-10', '08:30:00', '17:30:00', 'Present'),
(113, '2025-01-10', '08:55:00', '17:55:00', 'Present'),
(114, '2025-01-10', '09:00:00', '18:00:00', 'Present'),
(115, '2025-01-10', '08:35:00', '17:35:00', 'Present'),
(116, '2025-01-10', '08:45:00', '17:45:00', 'Present'),
(117, '2025-01-10', '09:05:00', '18:05:00', 'Present'),
(118, '2025-01-10', '08:30:00', '17:30:00', 'Present'),
(119, '2025-01-10', '08:40:00', '17:40:00', 'Present'),
(120, '2025-01-10', '09:10:00', '18:10:00', 'Present'),
(121, '2025-01-10', '08:50:00', '17:50:00', 'Present'),
(122, '2025-01-10', '08:30:00', '17:30:00', 'Present'),
(123, '2025-01-10', '08:55:00', '17:55:00', 'Present'),
(124, '2025-01-10', '09:00:00', '18:00:00', 'Present'),
(125, '2025-01-10', '08:35:00', '17:35:00', 'Present'),
(126, '2025-01-10', '08:45:00', '17:45:00', 'Present'),
(127, '2025-01-10', '09:05:00', '18:05:00', 'Present'),
(128, '2025-01-10', '08:30:00', '17:30:00', 'Present'),
(129, '2025-01-10', '08:40:00', '17:40:00', 'Present'),
(130, '2025-01-10', '09:10:00', '18:10:00', 'Present'),
(131, '2025-01-10', '08:50:00', '17:50:00', 'Present'),
(132, '2025-01-10', '08:30:00', '17:30:00', 'Present'),
(133, '2025-01-10', '08:55:00', '17:55:00', 'Present'),
(134, '2025-01-10', '09:00:00', '18:00:00', 'Present'),
(135, '2025-01-10', '08:35:00', '17:35:00', 'Present'),
(136, '2025-01-10', '08:45:00', '17:45:00', 'Present'),
(137, '2025-01-10', '09:05:00', '18:05:00', 'Present'),
(138, '2025-01-10', '08:30:00', '17:30:00', 'Present'),
(139, '2025-01-10', '08:40:00', '17:40:00', 'Present'),

-- Ngày 11/01/2025 (Thứ 7) 
(1, '2025-01-11', '08:30:00', '12:00:00', 'Present'),
(2, '2025-01-11', '08:45:00', '12:15:00', 'Present'),
(3, '2025-01-11', NULL, NULL, 'Absent'),
(4, '2025-01-11', '09:00:00', '17:00:00', 'Present'),
(5, '2025-01-11', '08:30:00', '12:30:00', 'Present'),
(7, '2025-01-11', '08:35:00', '17:30:00', 'Present'),
(9, '2025-01-11', '09:00:00', '18:00:00', 'Present'),
(12, '2025-01-11', '08:07:00', '12:00:00', 'Present'),
(16, '2025-01-11', '08:56:00', '15:00:00', 'Present'),
(17, '2025-01-11', '08:00:00', '14:00:00', 'Present'),
(21, '2025-01-11', '09:18:00', '16:00:00', 'Present'),
(29, '2025-01-11', '09:38:00', '13:00:00', 'Present'),
(31, '2025-01-11', '08:22:00', '12:00:00', 'Present'),
(33, '2025-01-11', '09:02:00', '14:00:00', 'Present'),
(35, '2025-01-11', '08:11:00', '13:00:00', 'Present'),
(40, '2025-01-11', '08:45:00', '13:00:00', 'Present'),
(45, '2025-01-11', '09:00:00', '14:30:00', 'Present'),
(50, '2025-01-11', '08:30:00', '12:30:00', 'Present'),
(55, '2025-01-11', '09:15:00', '16:00:00', 'Present'),
(60, '2025-01-11', '08:50:00', '12:00:00', 'Present'),
(70, '2025-01-11', '09:30:00', '15:00:00', 'Present'),
(80, '2025-01-11', '08:40:00', '13:30:00', 'Present'),
(90, '2025-01-11', '09:00:00', '14:00:00', 'Present'),
(100, '2025-01-11', '08:15:00', '12:15:00', 'Present'),
(110, '2025-01-11', '09:20:00', '16:00:00', 'Present'),
(120, '2025-01-11', '08:55:00', '13:00:00', 'Present'),
(130, '2025-01-11', '08:30:00', '12:00:00', 'Present'),

-- Ngày 12/01/2025 (Chủ nhật) - Ít người đi làm
(4, '2025-01-12', '13:00:00', '17:00:00', 'Present'),
(8, '2025-01-12', '08:30:00', '17:00:00', 'Present'),
(9, '2025-01-12', '08:45:00', '17:45:00', 'Present'),
(16, '2025-01-12', '08:35:00', '12:00:00', 'Present'),
(17, '2025-01-12', '08:40:00', '12:00:00', 'Present'),
(31, '2025-01-12', '08:20:00', '17:00:00', 'Present'),
(36, '2025-01-12', '08:51:00', '16:00:00', 'Present'),
(39, '2025-01-12', '09:31:00', '13:00:00', 'Present'),
(42, '2025-01-12', '08:30:00', '16:00:00', 'Present'),
(55, '2025-01-12', '09:00:00', '12:00:00', 'Present'),
(66, '2025-01-12', '09:49:00', '17:00:00', 'Present'),
(88, '2025-01-12', '08:30:00', '12:30:00', 'Present'),
(105, '2025-01-12', '10:00:00', '14:00:00', 'Present');

-- ============================================================
-- 6. SALARY PAYMENTS (Lương Tháng 1/2025 - Toàn bộ nhân viên hợp lệ)
-- ============================================================
-- Chỉ trả lương cho những người vào làm trước ngày 31/01/2025
INSERT INTO salary_payments (employee_id, payment_date, salary_month, year, total_amount, payment_status) VALUES
(1, '2025-01-31', 'January', 2025, 2500.00, 'Paid'),
(2, '2025-01-31', 'January', 2025, 1200.00, 'Paid'),
(3, '2025-01-31', 'January', 2025, 1300.00, 'Paid'),
(4, '2025-01-31', 'January', 2025, 500.00, 'Paid'),
(5, '2025-01-31', 'January', 2025, 1400.00, 'Paid'),
(6, '2025-01-31', 'January', 2025, 2600.00, 'Paid'),
(7, '2025-01-31', 'January', 2025, 1500.00, 'Paid'),
(8, '2025-01-31', 'January', 2025, 1600.00, 'Paid'),
(9, '2025-01-31', 'January', 2025, 1700.00, 'Paid'),
(10, '2025-01-31', 'January', 2025, 1400.00, 'Paid'),
(11, '2025-01-31', 'January', 2025, 3000.00, 'Paid'),
(12, '2025-01-31', 'January', 2025, 2000.00, 'Paid'),
(13, '2025-01-31', 'January', 2025, 1800.00, 'Paid'),
(14, '2025-01-31', 'January', 2025, 2200.00, 'Paid'),
(15, '2025-01-31', 'January', 2025, 1900.00, 'Paid'),
(16, '2025-01-31', 'January', 2025, 1800.00, 'Paid'),
(17, '2025-01-31', 'January', 2025, 2100.00, 'Paid'),
(18, '2025-01-31', 'January', 2025, 1600.00, 'Paid'),
(19, '2025-01-31', 'January', 2025, 2300.00, 'Paid'),
(20, '2025-01-31', 'January', 2025, 2800.00, 'Paid'),
(21, '2025-01-31', 'January', 2025, 2400.00, 'Pending'),
(22, '2025-01-31', 'January', 2025, 1200.00, 'Paid'),
(23, '2025-01-31', 'January', 2025, 1200.00, 'Paid'),
(24, '2025-01-31', 'January', 2025, 1300.00, 'Paid'),
(25, '2025-01-31', 'January', 2025, 1600.00, 'Paid'),
(26, '2025-01-31', 'January', 2025, 1100.00, 'Paid'),
(27, '2025-01-31', 'January', 2025, 500.00, 'Paid'),
(28, '2025-01-31', 'January', 2025, 1100.00, 'Paid'),
(29, '2025-01-31', 'January', 2025, 1000.00, 'Paid'),
(30, '2025-01-31', 'January', 2025, 1300.00, 'Paid'),
(31, '2025-01-31', 'January', 2025, 2900.00, 'Paid'),
(32, '2025-01-31', 'January', 2025, 2000.00, 'Paid'),
(33, '2025-01-31', 'January', 2025, 2100.00, 'Paid'),
(34, '2025-01-31', 'January', 2025, 2500.00, 'Paid'),
(35, '2025-01-31', 'January', 2025, 2600.00, 'Paid'),
(36, '2025-01-31', 'January', 2025, 1000.00, 'Paid'),
(37, '2025-01-31', 'January', 2025, 1900.00, 'Paid'),
(38, '2025-01-31', 'January', 2025, 2400.00, 'Paid'),
(39, '2025-01-31', 'January', 2025, 600.00, 'Paid'),
(40, '2025-01-31', 'January', 2025, 2100.00, 'Paid'),
(41, '2025-01-31', 'January', 2025, 1400.00, 'Paid'),
(42, '2025-01-31', 'January', 2025, 2300.00, 'Paid'),
(43, '2025-01-31', 'January', 2025, 600.00, 'Paid'),
(44, '2025-01-31', 'January', 2025, 1600.00, 'Paid'),
(45, '2025-01-31', 'January', 2025, 2400.00, 'Paid'),
(46, '2025-01-31', 'January', 2025, 1300.00, 'Paid'),
(47, '2025-01-31', 'January', 2025, 2000.00, 'Paid'),
(48, '2025-01-31', 'January', 2025, 1250.00, 'Paid'),
(49, '2025-01-31', 'January', 2025, 2600.00, 'Paid'),
(50, '2025-01-31', 'January', 2025, 550.00, 'Paid'),
(51, '2025-01-31', 'January', 2025, 1900.00, 'Paid'),
(52, '2025-01-31', 'January', 2025, 1200.00, 'Paid'),
(53, '2025-01-31', 'January', 2025, 1850.00, 'Paid'),
(54, '2025-01-31', 'January', 2025, 1800.00, 'Paid'),
(55, '2025-01-31', 'January', 2025, 2500.00, 'Paid'),
(56, '2025-01-31', 'January', 2025, 1350.00, 'Paid'),
(57, '2025-01-31', 'January', 2025, 2200.00, 'Paid'),
(58, '2025-01-31', 'January', 2025, 1100.00, 'Paid'),
(59, '2025-01-31', 'January', 2025, 2150.00, 'Paid'),
(60, '2025-01-31', 'January', 2025, 1100.00, 'Paid'),
(61, '2025-01-31', 'January', 2025, 1750.00, 'Paid'),
(62, '2025-01-31', 'January', 2025, 600.00, 'Paid'),
(63, '2025-01-31', 'January', 2025, 1350.00, 'Paid'),
(64, '2025-01-31', 'January', 2025, 2350.00, 'Paid'),
(65, '2025-01-31', 'January', 2025, 1100.00, 'Paid'),
(66, '2025-01-31', 'January', 2025, 1700.00, 'Paid'),
(67, '2025-01-31', 'January', 2025, 1550.00, 'Paid'),
(68, '2025-01-31', 'January', 2025, 2250.00, 'Paid'),
(69, '2025-01-31', 'January', 2025, 1050.00, 'Paid'),
(70, '2025-01-31', 'January', 2025, 2050.00, 'Paid'),
(71, '2025-01-31', 'January', 2025, 1600.00, 'Paid'),
(72, '2025-01-31', 'January', 2025, 2800.00, 'Paid'),
(73, '2025-01-31', 'January', 2025, 1650.00, 'Paid'),
(74, '2025-01-31', 'January', 2025, 1400.00, 'Paid'),
(75, '2025-01-31', 'January', 2025, 650.00, 'Paid'),
(139, '2025-01-31', 'January', 2025, 1800.00, 'Paid');

-- ============================================================
-- 7. BONUS / DEDUCTIONS (Thưởng/Phạt ngẫu nhiên)
-- ============================================================
INSERT INTO bonus_deductions (employee_id, description, bd_type, amount, effective_date) VALUES
(1, 'Year-end performance bonus', 'Bonus', 200.00, '2025-01-15'),
(5, 'C&B Process Improvement', 'Bonus', 120.00, '2025-01-25'),
(10, 'Lost office equipment', 'Deduction', 200.00, '2025-01-10'),
(21, 'Late penalty', 'Deduction', 50.00, '2025-01-10'),
(31, 'Patent application', 'Bonus', 1000.00, '2025-01-05'),
(44, 'Late Penalty', 'Deduction', 286, '2025-01-20'),
(62, 'Project Reward', 'Bonus', 458, '2025-01-17'),
(5, 'Equipment Damage', 'Bonus', 258, '2025-01-12'),
(37, 'Excellence Award', 'Deduction', 493, '2025-01-26'),
(70, 'Late Penalty', 'Bonus', 57, '2025-01-26'),
(28, 'Late Penalty', 'Deduction', 99, '2025-01-19'),
(55, 'Performance Bonus', 'Bonus', 379, '2025-01-25'),
(70, 'Performance Bonus', 'Deduction', 79, '2025-01-28'),
(73, 'Excellence Award', 'Bonus', 238, '2025-01-16'),
(49, 'Project Reward', 'Deduction', 258, '2025-01-15'),
(16, 'Equipment Damage', 'Deduction', 380, '2025-01-17'),
(61, 'Project Reward', 'Deduction', 463, '2025-01-20'),
(43, 'Performance Bonus', 'Deduction', 446, '2025-01-27'),
(9, 'Equipment Damage', 'Deduction', 78, '2025-01-18'),
(31, 'Excellence Award', 'Bonus', 380, '2025-01-21'),
(18, 'Project Reward', 'Bonus', 147, '2025-01-19'),
(25, 'Performance Bonus', 'Deduction', 366, '2025-01-21'),
(66, 'Late Penalty', 'Bonus', 67, '2025-01-20'),
(9, 'Excellence Award', 'Bonus', 307, '2025-01-19'),
(61, 'Project Reward', 'Deduction', 266, '2025-01-12'),
(80, 'New Year Bonus', 'Bonus', 500.00, '2025-01-01'),
(95, 'Overtime Support', 'Bonus', 150.00, '2025-01-20'),
(112, 'Late Submission', 'Deduction', 50.00, '2025-01-15'),
(125, 'Bug Bounty', 'Bonus', 200.00, '2025-01-28'),
(140, 'Sales Target', 'Bonus', 300.00, '2025-01-30');